{
  "pixel_mean": -0.010379456914961338,
  "pixel_std": 0.5114685297012329,
  "channel_means": [
    -0.010379449464380741,
    -0.010379449464380741,
    -0.010379449464380741
  ],
  "channel_stds": [
    0.5114684700965881,
    0.5114684700965881,
    0.5114684700965881
  ],
  "n_samples": 640
}