{
  "pixel_mean": -0.0075991190969944,
  "pixel_std": 0.5066937804222107,
  "channel_means": [
    -0.0075991274788975716,
    -0.0075991274788975716,
    -0.0075991274788975716
  ],
  "channel_stds": [
    0.5066934823989868,
    0.5066934823989868,
    0.5066934823989868
  ],
  "n_samples": 640
}